id,name,email,password,createdAt,updatedAt
1,Dave,CoolGuy@aol.com,$2a$10$wX5M2Y/7SavFqUhmsbUMqu6X5DVwCZSPJCe/fq67vK4/YIq9IGibC,"2020-12-14 21:45:47","2020-12-14 21:45:47"
2,"James Harris",james@harris.gmail.com,$2a$10$H5eWIHlhIBXmRvK.xbmMMOfKkPPSgzVOZst.Un5NOoACI6JUJ6odO,"2020-12-14 23:35:27","2020-12-14 23:35:27"
3,joe,joe@gmail.com,$2a$10$T.4ASyuWtgD7d4.QDQYqX.X624jCX7YfG3g8OtI9loDf1Wr5b4aoW,"2020-12-14 23:54:06","2020-12-14 23:54:06"
6,newTraveler,new1@traveler.com,$2a$10$TEd1b3vUonUhTqeyArRItOi5ggcJeHEFiAz8Yh0Gdb2PQ5Ni.jmbW,"2020-12-15 00:05:11","2020-12-15 00:05:11"
7,new1,new1@gmail.com,$2a$10$sYYoIs4Ap11Qb01ywGH66OgqF65FUYZsdCVcY1od3OTqSxf6z6hQK,"2020-12-15 00:09:12","2020-12-15 00:09:12"
9,david,david@david.com,$2a$10$LG4MivGIg61IhMWyAMa02ulNkLibpoJOZjy08WOV8O3PLWmEfj/ya,"2020-12-15 00:19:13","2020-12-15 00:19:13"
10,new,newuser@gmail.com,$2a$10$w1ZBV9IU0uADSHFaE6C7JOnSbw5b2xuqDUZvB2tl//pddePP63WRK,"2020-12-15 01:35:33","2020-12-15 01:35:33"
11,davy,davy@aol.com,$2a$10$8pDrSdv8RPkN8tI0Q1dJyedMtn/vXdIEUdnBeq/9mp4pHhd/Zu9Gq,"2020-12-15 01:44:08","2020-12-15 01:44:08"
12,"Davy Jones",walktheplank@arrr.com,$2a$10$4awsrwDjk4XwTO/q/jZ3iOgjGD8BBKTEt2rwdWw.AM6O2YRl2lFYW,"2020-12-15 03:10:34","2020-12-15 03:10:34"
13,"captain jack",jackieboy@yoho.com,$2a$10$zfPXxBclnBcVnbsWxXyJvenOSmA.JVchmSGKJaEvzn51l4bInbkmS,"2020-12-15 03:14:08","2020-12-15 03:14:08"
14,"jeff besos",richguy@gmail.com,$2a$10$lKh6COIENh3QJMRq/HxiWuHcJ//RAGj2hn.z58RiWtEPJhlJjxnC6,"2020-12-15 03:22:12","2020-12-15 03:22:12"
15,jones,walk@theplank.com,$2a$10$Kbh9kCKegJXJA0r6X7Q2uesv4b9GuouVXwdn7bd3zdNQHcfgllk1m,"2020-12-15 03:28:36","2020-12-15 03:28:36"
16,lina,lina@aol.com,$2a$10$40WTc3ZoqcGNIQuXU6PKpOjwLnCr1.5cbepAbKytNM0eLfdCRd6W6,"2020-12-15 03:40:30","2020-12-15 03:40:30"
17,lisa,lisa@aol.com,$2a$10$OavYsM77X3zi5KB4.9VXEewQx4mpR3kdSvKzVceElJ2YPd5m5KZVu,"2020-12-15 03:41:47","2020-12-15 03:41:47"
18,abc,abc@abc.com,$2a$10$xQMuSmlzQNCLdBO7Nx8GEe1LzPPMvnDczqNla6MVzKrm/sjalH.8G,"2020-12-15 03:42:52","2020-12-15 03:42:52"
19,lilwayne,eeeee@ghettoboys.com,$2a$10$ndjV8NR9VzVx1k1i1wyTgOepjKFm0easn8VVwy2TLt0bqAzxyHfNi,"2020-12-15 03:51:30","2020-12-15 03:51:30"
20,hey,hey@aol.com,$2a$10$RudUscV.T.Umc2ksmDotrOov4qWyK6NQ3sOvVAI5U0oBiCLWk8sQ2,"2020-12-15 03:53:00","2020-12-15 03:53:00"
21,newnew,new3@aol.com,$2a$10$0t4fz3sdwg0SLzoqVtCNze/d7KYUde5llQlvniCPfNKpcEb6K40te,"2020-12-15 03:53:40","2020-12-15 03:53:40"
22,abcd,abcd@aol.com,$2a$10$BvSWYnZcCY8N4t.RO8CJDehQeQ7a2fppy5cNvfjrwn4oSN5vUGMsC,"2020-12-15 03:57:28","2020-12-15 03:57:28"
23,heyho,heyho@aol.com,$2a$10$MeUSC/GlGt3YABizeL6yGuogDQKoPaQCWC90pjWiQv9azv5gZFZ7y,"2020-12-15 03:58:41","2020-12-15 03:58:41"
24,abe,abe@lincoln.com,$2a$10$Iq57L6yAw31yml8HBn6BiOVc0vXN7.ZQVS6e/ixG8EOn2ngz2qj0u,"2020-12-15 04:02:17","2020-12-15 04:02:17"
25,naz,naz@aol.com,$2a$10$wT.6Zw/xyg7jC7umj77PDejAVVw7I9O2inBn2sNSCOHTtlrwzQSIe,"2020-12-15 04:16:08","2020-12-15 04:16:08"
26,nastialukin,nastia@yahoo.com,$2a$10$27G4f2elr4VYRplCnz3RgOd5u3nzOyz42K520.k1tID5qRlZChTV.,"2020-12-15 04:17:14","2020-12-15 04:17:14"
27,katana,katana@aol.com,$2a$10$uLlj2zTKL4An4wSc.1b.FefSwsWW1J1oapdRIxC4UhNVriSyXwOku,"2020-12-15 04:17:53","2020-12-15 04:17:53"
28,yomama,yomama@gmail.com,$2a$10$aLORR5UIinDx3ZdJygUM9.LEZkM0F9O2hxLgHmgD3mSJrmPQ.YOsm,"2020-12-15 04:25:47","2020-12-15 04:25:47"
29,trump,presman@gmail.com,$2a$10$ArQ/lKMXalQj5hB/sckvsOBUPs3DZLVMwpkgs6DRBg6R/zHFSC6lK,"2020-12-15 04:47:19","2020-12-15 04:47:19"
